{
    "name": "thecalculator",
    "title": "The Calculator",
    "description": "Add a calculator to your webpage!",
    "version": "0.0.2",
    "homepage": "https://github.com/leosartaj/jquery.ss.calculator",
    "author": {
        "name": "Sartaj Singh",
        "email": "singhsartaj94@gmail.com",
        "url": "https://github.com/leosartaj"
    },
    "repository": {
        "type": "git",
        "url": "none"
    },
    "licenses": [
    {
        "type": "MIT",
        "url": "https://github.com/leosartaj/jquery.ss.calculator/blob/master/LICENSE"
    }
    ],
    "dependencies": {
        "jquery": "*",
        "jquery-ui-core": "*",
        "jquery-ui-widget": "*",
        "jquery-ui-button": "*"
    },
    "keywords": [
        "ui",
        "calculator",
        "customise"
        ],
    "docs": "https://github.com/leosartaj/jquery.ss.calculator/blob/master/README.md",
    "demo": "https://github.com/leosartaj/jquery.ss.calculator/tree/master/example"
}
